player_id,player_name,team_side,team_name,x,y
992101,M. Monllor,home,Acassuso,4,74
992101,M. Monllor,home,Acassuso,6,64
992101,M. Monllor,home,Acassuso,11,38
992101,M. Monllor,home,Acassuso,21,27
992101,M. Monllor,home,Acassuso,1,51
992101,M. Monllor,home,Acassuso,14,35
992101,M. Monllor,home,Acassuso,0,50
992101,M. Monllor,home,Acassuso,0,51
992101,M. Monllor,home,Acassuso,11,34
992101,M. Monllor,home,Acassuso,26,28
992101,M. Monllor,home,Acassuso,0,51
992101,M. Monllor,home,Acassuso,5,28
992101,M. Monllor,home,Acassuso,18,37
992101,M. Monllor,home,Acassuso,8,39
992101,M. Monllor,home,Acassuso,2,74
992101,M. Monllor,home,Acassuso,14,42
992101,M. Monllor,home,Acassuso,12,57
992101,M. Monllor,home,Acassuso,7,44
992101,M. Monllor,home,Acassuso,13,38
992101,M. Monllor,home,Acassuso,0,43
992101,M. Monllor,home,Acassuso,13,35
992101,M. Monllor,home,Acassuso,0,50
992101,M. Monllor,home,Acassuso,4,47
992101,M. Monllor,home,Acassuso,0,59
992101,M. Monllor,home,Acassuso,4,56
992101,M. Monllor,home,Acassuso,11,60
992101,M. Monllor,home,Acassuso,10,53
992101,M. Monllor,home,Acassuso,29,82
992101,M. Monllor,home,Acassuso,10,51
992101,M. Monllor,home,Acassuso,4,51
992101,M. Monllor,home,Acassuso,5,50
992101,M. Monllor,home,Acassuso,13,41
992101,M. Monllor,home,Acassuso,0,50
992101,M. Monllor,home,Acassuso,0,56
992101,M. Monllor,home,Acassuso,13,66
992101,M. Monllor,home,Acassuso,8,46
992101,M. Monllor,home,Acassuso,14,44
1465284,J. C. Ponce,home,Acassuso,35,28
1465284,J. C. Ponce,home,Acassuso,57,13
1465284,J. C. Ponce,home,Acassuso,42,7
1465284,J. C. Ponce,home,Acassuso,46,5
1465284,J. C. Ponce,home,Acassuso,52,21
1465284,J. C. Ponce,home,Acassuso,62,9
1465284,J. C. Ponce,home,Acassuso,61,0
1465284,J. C. Ponce,home,Acassuso,19,13
1465284,J. C. Ponce,home,Acassuso,16,8
1465284,J. C. Ponce,home,Acassuso,23,0
1465284,J. C. Ponce,home,Acassuso,65,16
1465284,J. C. Ponce,home,Acassuso,37,0
1465284,J. C. Ponce,home,Acassuso,9,7
1465284,J. C. Ponce,home,Acassuso,32,9
1465284,J. C. Ponce,home,Acassuso,24,17
1465284,J. C. Ponce,home,Acassuso,86,0
1465284,J. C. Ponce,home,Acassuso,84,4
1465284,J. C. Ponce,home,Acassuso,92,6
1465284,J. C. Ponce,home,Acassuso,96,4
1465284,J. C. Ponce,home,Acassuso,14,16
1465284,J. C. Ponce,home,Acassuso,32,12
1465284,J. C. Ponce,home,Acassuso,23,9
1465284,J. C. Ponce,home,Acassuso,30,17
1465284,J. C. Ponce,home,Acassuso,39,28
1465284,J. C. Ponce,home,Acassuso,36,38
1465284,J. C. Ponce,home,Acassuso,43,11
1465284,J. C. Ponce,home,Acassuso,31,10
1465284,J. C. Ponce,home,Acassuso,20,9
1465284,J. C. Ponce,home,Acassuso,70,0
1465284,J. C. Ponce,home,Acassuso,51,0
1465284,J. C. Ponce,home,Acassuso,18,10
1465284,J. C. Ponce,home,Acassuso,31,8
1465284,J. C. Ponce,home,Acassuso,27,7
1465284,J. C. Ponce,home,Acassuso,38,7
1465284,J. C. Ponce,home,Acassuso,31,9
1465284,J. C. Ponce,home,Acassuso,32,14
1465284,J. C. Ponce,home,Acassuso,38,8
1465284,J. C. Ponce,home,Acassuso,37,0
1465284,J. C. Ponce,home,Acassuso,70,0
1465284,J. C. Ponce,home,Acassuso,84,7
1465284,J. C. Ponce,home,Acassuso,96,14
1465284,J. C. Ponce,home,Acassuso,58,7
1465284,J. C. Ponce,home,Acassuso,9,15
1465284,J. C. Ponce,home,Acassuso,46,0
1465284,J. C. Ponce,home,Acassuso,24,8
1465284,J. C. Ponce,home,Acassuso,20,8
1465284,J. C. Ponce,home,Acassuso,24,6
1465284,J. C. Ponce,home,Acassuso,19,0
1465284,J. C. Ponce,home,Acassuso,20,7
1465284,J. C. Ponce,home,Acassuso,42,15
1465284,J. C. Ponce,home,Acassuso,57,12
1465284,J. C. Ponce,home,Acassuso,80,21
1465284,J. C. Ponce,home,Acassuso,86,28
1465284,J. C. Ponce,home,Acassuso,88,29
1465284,J. C. Ponce,home,Acassuso,43,29
1465284,J. C. Ponce,home,Acassuso,22,8
1465284,J. C. Ponce,home,Acassuso,54,8
1465284,J. C. Ponce,home,Acassuso,19,15
1465284,J. C. Ponce,home,Acassuso,34,15
1465284,J. C. Ponce,home,Acassuso,35,23
1465284,J. C. Ponce,home,Acassuso,43,30
1465284,J. C. Ponce,home,Acassuso,46,35
1465284,J. C. Ponce,home,Acassuso,9,14
1465284,J. C. Ponce,home,Acassuso,7,4
1465284,J. C. Ponce,home,Acassuso,12,8
1465284,J. C. Ponce,home,Acassuso,35,15
1465284,J. C. Ponce,home,Acassuso,60,31
1465284,J. C. Ponce,home,Acassuso,64,10
1465284,J. C. Ponce,home,Acassuso,58,20
1465284,J. C. Ponce,home,Acassuso,55,32
1214751,L. Pioli,home,Acassuso,28,33
1214751,L. Pioli,home,Acassuso,22,33
1214751,L. Pioli,home,Acassuso,26,10
1214751,L. Pioli,home,Acassuso,51,33
1214751,L. Pioli,home,Acassuso,7,30
1214751,L. Pioli,home,Acassuso,29,29
1214751,L. Pioli,home,Acassuso,30,13
1214751,L. Pioli,home,Acassuso,9,29
1214751,L. Pioli,home,Acassuso,21,11
1214751,L. Pioli,home,Acassuso,5,31
1214751,L. Pioli,home,Acassuso,29,47
1214751,L. Pioli,home,Acassuso,43,18
1214751,L. Pioli,home,Acassuso,5,0
1214751,L. Pioli,home,Acassuso,19,29
1214751,L. Pioli,home,Acassuso,32,46
1214751,L. Pioli,home,Acassuso,30,27
1214751,L. Pioli,home,Acassuso,39,12
1214751,L. Pioli,home,Acassuso,23,21
1214751,L. Pioli,home,Acassuso,19,23
1214751,L. Pioli,home,Acassuso,19,21
1214751,L. Pioli,home,Acassuso,7,16
1214751,L. Pioli,home,Acassuso,15,61
1214751,L. Pioli,home,Acassuso,27,20
1214751,L. Pioli,home,Acassuso,12,29
1214751,L. Pioli,home,Acassuso,18,15
1214751,L. Pioli,home,Acassuso,12,17
1214751,L. Pioli,home,Acassuso,36,30
1214751,L. Pioli,home,Acassuso,17,11
1214751,L. Pioli,home,Acassuso,23,22
1214751,L. Pioli,home,Acassuso,22,30
1214751,L. Pioli,home,Acassuso,57,0
1214751,L. Pioli,home,Acassuso,9,58
1214751,L. Pioli,home,Acassuso,5,53
1214751,L. Pioli,home,Acassuso,55,24
1214751,L. Pioli,home,Acassuso,23,19
1214751,L. Pioli,home,Acassuso,14,53
1214751,L. Pioli,home,Acassuso,29,0
1214751,L. Pioli,home,Acassuso,77,0
1214751,L. Pioli,home,Acassuso,12,31
1214751,L. Pioli,home,Acassuso,17,11
1214751,L. Pioli,home,Acassuso,18,18
1214751,L. Pioli,home,Acassuso,14,43
1214751,L. Pioli,home,Acassuso,13,68
1214751,L. Pioli,home,Acassuso,9,66
1214751,L. Pioli,home,Acassuso,24,24
1214751,L. Pioli,home,Acassuso,13,57
1214751,L. Pioli,home,Acassuso,11,29
1214751,L. Pioli,home,Acassuso,32,18
1214751,L. Pioli,home,Acassuso,19,34
1214751,L. Pioli,home,Acassuso,47,29
1214751,L. Pioli,home,Acassuso,37,29
1214751,L. Pioli,home,Acassuso,4,16
1182422,J. Ghirardello,home,Acassuso,35,91
1182422,J. Ghirardello,home,Acassuso,43,56
1182422,J. Ghirardello,home,Acassuso,53,71
1182422,J. Ghirardello,home,Acassuso,37,86
1182422,J. Ghirardello,home,Acassuso,40,81
1182422,J. Ghirardello,home,Acassuso,6,84
1182422,J. Ghirardello,home,Acassuso,11,68
1182422,J. Ghirardello,home,Acassuso,28,45
1182422,J. Ghirardello,home,Acassuso,27,38
1182422,J. Ghirardello,home,Acassuso,32,82
1182422,J. Ghirardello,home,Acassuso,40,81
1182422,J. Ghirardello,home,Acassuso,12,29
1182422,J. Ghirardello,home,Acassuso,27,34
1182422,J. Ghirardello,home,Acassuso,31,70
1182422,J. Ghirardello,home,Acassuso,11,71
1182422,J. Ghirardello,home,Acassuso,22,84
1182422,J. Ghirardello,home,Acassuso,35,93
1182422,J. Ghirardello,home,Acassuso,21,34
1182422,J. Ghirardello,home,Acassuso,35,86
1182422,J. Ghirardello,home,Acassuso,33,71
1182422,J. Ghirardello,home,Acassuso,32,30
1182422,J. Ghirardello,home,Acassuso,31,35
1182422,J. Ghirardello,home,Acassuso,19,38
1182422,J. Ghirardello,home,Acassuso,25,40
1182422,J. Ghirardello,home,Acassuso,19,34
1182422,J. Ghirardello,home,Acassuso,11,70
1182422,J. Ghirardello,home,Acassuso,17,89
1182422,J. Ghirardello,home,Acassuso,24,43
1182422,J. Ghirardello,home,Acassuso,20,68
1182422,J. Ghirardello,home,Acassuso,17,81
1182422,J. Ghirardello,home,Acassuso,30,83
1182422,J. Ghirardello,home,Acassuso,12,64
1182422,J. Ghirardello,home,Acassuso,29,83
1182422,J. Ghirardello,home,Acassuso,24,81
1182422,J. Ghirardello,home,Acassuso,30,76
1182422,J. Ghirardello,home,Acassuso,22,70
1182422,J. Ghirardello,home,Acassuso,25,65
1182422,J. Ghirardello,home,Acassuso,25,45
1182422,J. Ghirardello,home,Acassuso,21,68
1182422,J. Ghirardello,home,Acassuso,12,75
1182422,J. Ghirardello,home,Acassuso,34,54
1182422,J. Ghirardello,home,Acassuso,36,80
2465610,Á. Ruiz,home,Acassuso,24,49
2465610,Á. Ruiz,home,Acassuso,23,95
2465610,Á. Ruiz,home,Acassuso,20,39
2465610,Á. Ruiz,home,Acassuso,20,79
2465610,Á. Ruiz,home,Acassuso,31,64
2465610,Á. Ruiz,home,Acassuso,83,100
2465610,Á. Ruiz,home,Acassuso,44,100
2465610,Á. Ruiz,home,Acassuso,76,31
2465610,Á. Ruiz,home,Acassuso,76,87
2465610,Á. Ruiz,home,Acassuso,77,100
2465610,Á. Ruiz,home,Acassuso,44,53
2465610,Á. Ruiz,home,Acassuso,59,86
2465610,Á. Ruiz,home,Acassuso,71,29
2465610,Á. Ruiz,home,Acassuso,39,94
2465610,Á. Ruiz,home,Acassuso,21,42
2465610,Á. Ruiz,home,Acassuso,24,70
2465610,Á. Ruiz,home,Acassuso,85,84
2465610,Á. Ruiz,home,Acassuso,96,72
2465610,Á. Ruiz,home,Acassuso,19,48
2465610,Á. Ruiz,home,Acassuso,30,85
2465610,Á. Ruiz,home,Acassuso,42,100
2465610,Á. Ruiz,home,Acassuso,11,48
2465610,Á. Ruiz,home,Acassuso,21,64
2465610,Á. Ruiz,home,Acassuso,78,72
2465610,Á. Ruiz,home,Acassuso,68,90
2465610,Á. Ruiz,home,Acassuso,73,90
2465610,Á. Ruiz,home,Acassuso,79,91
2465610,Á. Ruiz,home,Acassuso,37,79
2465610,Á. Ruiz,home,Acassuso,34,92
2465610,Á. Ruiz,home,Acassuso,28,92
2465610,Á. Ruiz,home,Acassuso,38,94
2465610,Á. Ruiz,home,Acassuso,46,93
2465610,Á. Ruiz,home,Acassuso,38,89
2465610,Á. Ruiz,home,Acassuso,40,82
2465610,Á. Ruiz,home,Acassuso,46,87
2465610,Á. Ruiz,home,Acassuso,47,73
2465610,Á. Ruiz,home,Acassuso,59,60
2465610,Á. Ruiz,home,Acassuso,28,89
2465610,Á. Ruiz,home,Acassuso,24,89
2465610,Á. Ruiz,home,Acassuso,22,84
2465610,Á. Ruiz,home,Acassuso,27,87
2465610,Á. Ruiz,home,Acassuso,24,87
2465610,Á. Ruiz,home,Acassuso,22,100
2465610,Á. Ruiz,home,Acassuso,22,87
2465610,Á. Ruiz,home,Acassuso,11,56
2465610,Á. Ruiz,home,Acassuso,31,90
2465610,Á. Ruiz,home,Acassuso,76,73
2465610,Á. Ruiz,home,Acassuso,75,57
2465610,Á. Ruiz,home,Acassuso,27,64
2465610,Á. Ruiz,home,Acassuso,40,66
2465610,Á. Ruiz,home,Acassuso,54,69
2465610,Á. Ruiz,home,Acassuso,69,54
2465610,Á. Ruiz,home,Acassuso,7,70
2465610,Á. Ruiz,home,Acassuso,47,84
2465610,Á. Ruiz,home,Acassuso,54,84
2465610,Á. Ruiz,home,Acassuso,56,69
2465610,Á. Ruiz,home,Acassuso,40,100
2465610,Á. Ruiz,home,Acassuso,43,91
2465610,Á. Ruiz,home,Acassuso,4,66
2465610,Á. Ruiz,home,Acassuso,27,91
2465610,Á. Ruiz,home,Acassuso,80,57
2465610,Á. Ruiz,home,Acassuso,79,100
2465610,Á. Ruiz,home,Acassuso,79,91
2465610,Á. Ruiz,home,Acassuso,46,82
2465610,Á. Ruiz,home,Acassuso,20,76
2022732,J. Cancio,home,Acassuso,36,80
2022732,J. Cancio,home,Acassuso,56,16
2022732,J. Cancio,home,Acassuso,45,36
2022732,J. Cancio,home,Acassuso,27,20
2022732,J. Cancio,home,Acassuso,68,31
2022732,J. Cancio,home,Acassuso,68,29
2022732,J. Cancio,home,Acassuso,67,34
2022732,J. Cancio,home,Acassuso,54,80
2022732,J. Cancio,home,Acassuso,45,18
2022732,J. Cancio,home,Acassuso,22,30
2022732,J. Cancio,home,Acassuso,40,23
2022732,J. Cancio,home,Acassuso,44,54
2022732,J. Cancio,home,Acassuso,63,80
2022732,J. Cancio,home,Acassuso,28,53
2022732,J. Cancio,home,Acassuso,45,55
2022732,J. Cancio,home,Acassuso,9,60
2022732,J. Cancio,home,Acassuso,33,30
2022732,J. Cancio,home,Acassuso,21,71
2022732,J. Cancio,home,Acassuso,27,60
2022732,J. Cancio,home,Acassuso,28,49
2022732,J. Cancio,home,Acassuso,25,41
2022732,J. Cancio,home,Acassuso,48,31
2022732,J. Cancio,home,Acassuso,44,32
2022732,J. Cancio,home,Acassuso,24,15
2022732,J. Cancio,home,Acassuso,57,32
2022732,J. Cancio,home,Acassuso,57,30
2022732,J. Cancio,home,Acassuso,72,48
2022732,J. Cancio,home,Acassuso,72,46
2022732,J. Cancio,home,Acassuso,15,58
2022732,J. Cancio,home,Acassuso,82,60
2022732,J. Cancio,home,Acassuso,87,59
2022732,J. Cancio,home,Acassuso,31,31
2022732,J. Cancio,home,Acassuso,71,46
2022732,J. Cancio,home,Acassuso,72,70
2022732,J. Cancio,home,Acassuso,26,62
2022732,J. Cancio,home,Acassuso,13,86
2022732,J. Cancio,home,Acassuso,40,63
2022732,J. Cancio,home,Acassuso,28,18
2022732,J. Cancio,home,Acassuso,26,18
2022732,J. Cancio,home,Acassuso,34,47
2022732,J. Cancio,home,Acassuso,34,36
2022732,J. Cancio,home,Acassuso,32,56
2022732,J. Cancio,home,Acassuso,32,62
2022732,J. Cancio,home,Acassuso,34,56
2022732,J. Cancio,home,Acassuso,27,66
2022732,J. Cancio,home,Acassuso,45,67
2022732,J. Cancio,home,Acassuso,29,30
2022732,J. Cancio,home,Acassuso,47,66
2022732,J. Cancio,home,Acassuso,71,83
2022732,J. Cancio,home,Acassuso,29,64
896911,K. Dubini,home,Acassuso,40,83
896911,K. Dubini,home,Acassuso,39,92
896911,K. Dubini,home,Acassuso,24,34
896911,K. Dubini,home,Acassuso,46,11
896911,K. Dubini,home,Acassuso,56,8
896911,K. Dubini,home,Acassuso,70,4
896911,K. Dubini,home,Acassuso,36,22
896911,K. Dubini,home,Acassuso,75,23
896911,K. Dubini,home,Acassuso,77,10
896911,K. Dubini,home,Acassuso,25,25
896911,K. Dubini,home,Acassuso,26,20
896911,K. Dubini,home,Acassuso,37,25
896911,K. Dubini,home,Acassuso,36,43
896911,K. Dubini,home,Acassuso,69,16
896911,K. Dubini,home,Acassuso,62,16
896911,K. Dubini,home,Acassuso,41,67
896911,K. Dubini,home,Acassuso,18,63
896911,K. Dubini,home,Acassuso,59,60
896911,K. Dubini,home,Acassuso,39,18
896911,K. Dubini,home,Acassuso,36,29
896911,K. Dubini,home,Acassuso,53,20
896911,K. Dubini,home,Acassuso,67,12
896911,K. Dubini,home,Acassuso,56,31
896911,K. Dubini,home,Acassuso,33,21
896911,K. Dubini,home,Acassuso,55,28
896911,K. Dubini,home,Acassuso,78,37
896911,K. Dubini,home,Acassuso,36,17
896911,K. Dubini,home,Acassuso,31,72
896911,K. Dubini,home,Acassuso,30,55
896911,K. Dubini,home,Acassuso,75,81
896911,K. Dubini,home,Acassuso,55,55
896911,K. Dubini,home,Acassuso,7,82
896911,K. Dubini,home,Acassuso,5,71
896911,K. Dubini,home,Acassuso,54,50
896911,K. Dubini,home,Acassuso,31,50
896911,K. Dubini,home,Acassuso,82,89
896911,K. Dubini,home,Acassuso,66,78
896911,K. Dubini,home,Acassuso,34,79
896911,K. Dubini,home,Acassuso,35,71
896911,K. Dubini,home,Acassuso,35,91
896911,K. Dubini,home,Acassuso,38,77
896911,K. Dubini,home,Acassuso,48,35
896911,K. Dubini,home,Acassuso,53,39
896911,K. Dubini,home,Acassuso,47,50
896911,K. Dubini,home,Acassuso,56,50
896911,K. Dubini,home,Acassuso,12,54
896911,K. Dubini,home,Acassuso,39,33
896911,K. Dubini,home,Acassuso,90,12
896911,K. Dubini,home,Acassuso,46,56
896911,K. Dubini,home,Acassuso,47,87
896911,K. Dubini,home,Acassuso,89,87
896911,K. Dubini,home,Acassuso,86,72
896911,K. Dubini,home,Acassuso,77,83
1468849,R. Reynoso,home,Acassuso,76,10
1468849,R. Reynoso,home,Acassuso,36,9
1468849,R. Reynoso,home,Acassuso,60,23
1468849,R. Reynoso,home,Acassuso,62,9
1468849,R. Reynoso,home,Acassuso,85,49
1468849,R. Reynoso,home,Acassuso,28,12
1468849,R. Reynoso,home,Acassuso,33,10
1468849,R. Reynoso,home,Acassuso,76,56
1468849,R. Reynoso,home,Acassuso,38,11
1468849,R. Reynoso,home,Acassuso,75,8
1468849,R. Reynoso,home,Acassuso,35,28
1468849,R. Reynoso,home,Acassuso,94,46
1468849,R. Reynoso,home,Acassuso,38,6
1468849,R. Reynoso,home,Acassuso,43,11
1468849,R. Reynoso,home,Acassuso,35,8
1468849,R. Reynoso,home,Acassuso,39,17
1468849,R. Reynoso,home,Acassuso,70,9
1468849,R. Reynoso,home,Acassuso,56,28
1468849,R. Reynoso,home,Acassuso,66,13
1468849,R. Reynoso,home,Acassuso,63,20
1468849,R. Reynoso,home,Acassuso,58,9
1468849,R. Reynoso,home,Acassuso,74,5
1468849,R. Reynoso,home,Acassuso,53,10
1468849,R. Reynoso,home,Acassuso,34,11
1468849,R. Reynoso,home,Acassuso,47,10
1468849,R. Reynoso,home,Acassuso,42,17
1468849,R. Reynoso,home,Acassuso,48,7
1468849,R. Reynoso,home,Acassuso,45,10
1468849,R. Reynoso,home,Acassuso,35,15
1468849,R. Reynoso,home,Acassuso,70,20
1468849,R. Reynoso,home,Acassuso,64,8
1468849,R. Reynoso,home,Acassuso,60,9
1468849,R. Reynoso,home,Acassuso,65,9
1468849,R. Reynoso,home,Acassuso,13,9
1468849,R. Reynoso,home,Acassuso,30,65
1468849,R. Reynoso,home,Acassuso,35,70
2469038,F. J. Senn,home,Acassuso,40,26
2469038,F. J. Senn,home,Acassuso,75,11
2469038,F. J. Senn,home,Acassuso,86,95
2469038,F. J. Senn,home,Acassuso,64,13
2469038,F. J. Senn,home,Acassuso,72,16
2469038,F. J. Senn,home,Acassuso,74,26
2469038,F. J. Senn,home,Acassuso,86,19
2469038,F. J. Senn,home,Acassuso,41,79
2469038,F. J. Senn,home,Acassuso,66,21
2469038,F. J. Senn,home,Acassuso,71,27
2469038,F. J. Senn,home,Acassuso,73,22
2469038,F. J. Senn,home,Acassuso,85,37
2469038,F. J. Senn,home,Acassuso,81,60
2469038,F. J. Senn,home,Acassuso,79,11
2469038,F. J. Senn,home,Acassuso,87,27
2469038,F. J. Senn,home,Acassuso,88,21
2469038,F. J. Senn,home,Acassuso,47,22
2469038,F. J. Senn,home,Acassuso,46,18
2469038,F. J. Senn,home,Acassuso,84,83
2469038,F. J. Senn,home,Acassuso,76,18
2469038,F. J. Senn,home,Acassuso,74,9
2469038,F. J. Senn,home,Acassuso,59,80
2469038,F. J. Senn,home,Acassuso,31,81
2469038,F. J. Senn,home,Acassuso,41,65
2469038,F. J. Senn,home,Acassuso,48,58
2469038,F. J. Senn,home,Acassuso,42,86
2469038,F. J. Senn,home,Acassuso,56,46
2469038,F. J. Senn,home,Acassuso,90,15
2469038,F. J. Senn,home,Acassuso,88,17
2469038,F. J. Senn,home,Acassuso,65,43
2469038,F. J. Senn,home,Acassuso,39,81
2469038,F. J. Senn,home,Acassuso,55,82
2469038,F. J. Senn,home,Acassuso,87,56
1214755,A. Hermoso,home,Acassuso,46,93
1214755,A. Hermoso,home,Acassuso,92,76
1214755,A. Hermoso,home,Acassuso,47,42
1214755,A. Hermoso,home,Acassuso,13,48
1214755,A. Hermoso,home,Acassuso,72,77
1214755,A. Hermoso,home,Acassuso,59,81
1214755,A. Hermoso,home,Acassuso,24,44
1214755,A. Hermoso,home,Acassuso,31,92
1214755,A. Hermoso,home,Acassuso,40,76
1214755,A. Hermoso,home,Acassuso,68,90
1214755,A. Hermoso,home,Acassuso,75,83
1214755,A. Hermoso,home,Acassuso,31,92
1214755,A. Hermoso,home,Acassuso,45,85
1214755,A. Hermoso,home,Acassuso,56,77
1214755,A. Hermoso,home,Acassuso,75,93
1214755,A. Hermoso,home,Acassuso,37,43
1214755,A. Hermoso,home,Acassuso,55,43
1214755,A. Hermoso,home,Acassuso,44,71
1214755,A. Hermoso,home,Acassuso,93,86
1214755,A. Hermoso,home,Acassuso,47,88
1214755,A. Hermoso,home,Acassuso,23,93
1214755,A. Hermoso,home,Acassuso,84,89
1214755,A. Hermoso,home,Acassuso,47,90
1214755,A. Hermoso,home,Acassuso,33,89
1214755,A. Hermoso,home,Acassuso,27,93
1214755,A. Hermoso,home,Acassuso,57,91
1214755,A. Hermoso,home,Acassuso,80,84
1214755,A. Hermoso,home,Acassuso,40,74
1214755,A. Hermoso,home,Acassuso,26,83
1214755,A. Hermoso,home,Acassuso,62,87
1214755,A. Hermoso,home,Acassuso,60,91
974722,L. Romero,home,Acassuso,50,51
974722,L. Romero,home,Acassuso,53,33
974722,L. Romero,home,Acassuso,54,84
974722,L. Romero,home,Acassuso,58,16
974722,L. Romero,home,Acassuso,58,12
974722,L. Romero,home,Acassuso,47,9
974722,L. Romero,home,Acassuso,73,23
974722,L. Romero,home,Acassuso,79,21
974722,L. Romero,home,Acassuso,71,48
974722,L. Romero,home,Acassuso,76,31
974722,L. Romero,home,Acassuso,78,30
974722,L. Romero,home,Acassuso,46,44
974722,L. Romero,home,Acassuso,64,88
974722,L. Romero,home,Acassuso,71,79
974722,L. Romero,home,Acassuso,69,79
974722,L. Romero,home,Acassuso,38,15
974722,L. Romero,home,Acassuso,38,9
974722,L. Romero,home,Acassuso,29,4
974722,L. Romero,home,Acassuso,26,14
974722,L. Romero,home,Acassuso,75,75
974722,L. Romero,home,Acassuso,67,56
974722,L. Romero,home,Acassuso,95,42
974722,L. Romero,home,Acassuso,95,49
974722,L. Romero,home,Acassuso,60,80
974722,L. Romero,home,Acassuso,62,16
974722,L. Romero,home,Acassuso,61,6
974722,L. Romero,home,Acassuso,72,33
974722,L. Romero,home,Acassuso,80,35
974722,L. Romero,home,Acassuso,59,60
974722,L. Romero,home,Acassuso,96,46
974722,L. Romero,home,Acassuso,55,11
974722,L. Romero,home,Acassuso,80,91
974722,L. Romero,home,Acassuso,69,89
974722,L. Romero,home,Acassuso,82,35
974722,L. Romero,home,Acassuso,96,92
974722,L. Romero,home,Acassuso,98,96
974722,L. Romero,home,Acassuso,87,45
974722,L. Romero,home,Acassuso,80,71
974722,L. Romero,home,Acassuso,40,83
986502,D. Escalante,home,Acassuso,36,92
986502,D. Escalante,home,Acassuso,61,70
986502,D. Escalante,home,Acassuso,74,19
986502,D. Escalante,home,Acassuso,55,57
986502,D. Escalante,home,Acassuso,82,64
986502,D. Escalante,home,Acassuso,78,67
986502,D. Escalante,home,Acassuso,46,53
986502,D. Escalante,home,Acassuso,77,56
986502,D. Escalante,home,Acassuso,63,30
986502,D. Escalante,home,Acassuso,4,49
2065619,L. Rey,home,Acassuso,83,13
2065619,L. Rey,home,Acassuso,61,27
2065619,L. Rey,home,Acassuso,36,26
2065619,L. Rey,home,Acassuso,48,10
2065619,L. Rey,home,Acassuso,48,32
2065619,L. Rey,home,Acassuso,57,39
2065619,L. Rey,home,Acassuso,21,9
2065619,L. Rey,home,Acassuso,30,11
2065619,L. Rey,home,Acassuso,78,36
2065619,L. Rey,home,Acassuso,61,30
2065619,L. Rey,home,Acassuso,58,6
2065619,L. Rey,home,Acassuso,66,34
2065619,L. Rey,home,Acassuso,88,92
992116,P. Pérez,home,Acassuso,55,83
992116,P. Pérez,home,Acassuso,44,82
992116,P. Pérez,home,Acassuso,97,70
992116,P. Pérez,home,Acassuso,98,75
992116,P. Pérez,home,Acassuso,18,86
992116,P. Pérez,home,Acassuso,46,90
992116,P. Pérez,home,Acassuso,75,71
992116,P. Pérez,home,Acassuso,79,78
992116,P. Pérez,home,Acassuso,81,82
992116,P. Pérez,home,Acassuso,31,79
2077670,M. Schlotthauer,home,Acassuso,14,36
2077670,M. Schlotthauer,home,Acassuso,89,36
2077670,M. Schlotthauer,home,Acassuso,97,4
2077670,M. Schlotthauer,home,Acassuso,89,77
2077670,M. Schlotthauer,home,Acassuso,79,70
1524040,N. P. Mediza,home,Acassuso,74,63
1182418,G. Canuto,away,Chaco For Ever,97,47
1182418,G. Canuto,away,Chaco For Ever,22,55
1182418,G. Canuto,away,Chaco For Ever,30,43
1182418,G. Canuto,away,Chaco For Ever,2,54
1182418,G. Canuto,away,Chaco For Ever,0,59
1182418,G. Canuto,away,Chaco For Ever,24,64
1182418,G. Canuto,away,Chaco For Ever,23,44
1182418,G. Canuto,away,Chaco For Ever,3,54
1182418,G. Canuto,away,Chaco For Ever,3,54
1182418,G. Canuto,away,Chaco For Ever,19,40
1182418,G. Canuto,away,Chaco For Ever,23,39
1182418,G. Canuto,away,Chaco For Ever,20,65
1182418,G. Canuto,away,Chaco For Ever,20,68
922459,A. Luque,away,Chaco For Ever,35,0
922459,A. Luque,away,Chaco For Ever,54,3
922459,A. Luque,away,Chaco For Ever,8,24
922459,A. Luque,away,Chaco For Ever,12,23
922459,A. Luque,away,Chaco For Ever,38,0
922459,A. Luque,away,Chaco For Ever,46,16
922459,A. Luque,away,Chaco For Ever,46,18
922459,A. Luque,away,Chaco For Ever,78,4
922459,A. Luque,away,Chaco For Ever,24,0
922459,A. Luque,away,Chaco For Ever,60,0
922459,A. Luque,away,Chaco For Ever,5,60
922459,A. Luque,away,Chaco For Ever,69,11
922459,A. Luque,away,Chaco For Ever,78,5
922459,A. Luque,away,Chaco For Ever,77,12
922459,A. Luque,away,Chaco For Ever,15,16
922459,A. Luque,away,Chaco For Ever,80,32
922459,A. Luque,away,Chaco For Ever,70,0
922459,A. Luque,away,Chaco For Ever,59,8
922459,A. Luque,away,Chaco For Ever,74,9
922459,A. Luque,away,Chaco For Ever,70,17
922459,A. Luque,away,Chaco For Ever,83,13
922459,A. Luque,away,Chaco For Ever,84,26
922459,A. Luque,away,Chaco For Ever,21,8
922459,A. Luque,away,Chaco For Ever,39,0
922459,A. Luque,away,Chaco For Ever,50,5
922459,A. Luque,away,Chaco For Ever,66,0
922459,A. Luque,away,Chaco For Ever,39,13
922459,A. Luque,away,Chaco For Ever,45,57
922459,A. Luque,away,Chaco For Ever,64,48
922459,A. Luque,away,Chaco For Ever,44,0
922459,A. Luque,away,Chaco For Ever,61,7
922459,A. Luque,away,Chaco For Ever,58,15
922459,A. Luque,away,Chaco For Ever,22,9
922459,A. Luque,away,Chaco For Ever,42,7
922459,A. Luque,away,Chaco For Ever,68,9
922459,A. Luque,away,Chaco For Ever,41,4
922459,A. Luque,away,Chaco For Ever,31,9
922459,A. Luque,away,Chaco For Ever,69,15
922459,A. Luque,away,Chaco For Ever,82,13
922459,A. Luque,away,Chaco For Ever,20,8
922459,A. Luque,away,Chaco For Ever,43,16
922459,A. Luque,away,Chaco For Ever,61,0
922459,A. Luque,away,Chaco For Ever,47,8
922459,A. Luque,away,Chaco For Ever,43,0
922459,A. Luque,away,Chaco For Ever,39,10
922459,A. Luque,away,Chaco For Ever,14,28
922459,A. Luque,away,Chaco For Ever,82,14
860055,D. Valdez,away,Chaco For Ever,33,64
860055,D. Valdez,away,Chaco For Ever,42,22
860055,D. Valdez,away,Chaco For Ever,33,34
860055,D. Valdez,away,Chaco For Ever,48,17
860055,D. Valdez,away,Chaco For Ever,14,5
860055,D. Valdez,away,Chaco For Ever,54,56
860055,D. Valdez,away,Chaco For Ever,36,12
860055,D. Valdez,away,Chaco For Ever,34,17
860055,D. Valdez,away,Chaco For Ever,32,7
860055,D. Valdez,away,Chaco For Ever,29,21
860055,D. Valdez,away,Chaco For Ever,32,21
860055,D. Valdez,away,Chaco For Ever,37,20
860055,D. Valdez,away,Chaco For Ever,41,13
860055,D. Valdez,away,Chaco For Ever,43,15
860055,D. Valdez,away,Chaco For Ever,33,15
860055,D. Valdez,away,Chaco For Ever,49,15
860055,D. Valdez,away,Chaco For Ever,25,25
860055,D. Valdez,away,Chaco For Ever,46,13
860055,D. Valdez,away,Chaco For Ever,55,12
860055,D. Valdez,away,Chaco For Ever,59,21
860055,D. Valdez,away,Chaco For Ever,61,19
860055,D. Valdez,away,Chaco For Ever,40,20
860055,D. Valdez,away,Chaco For Ever,39,66
860055,D. Valdez,away,Chaco For Ever,12,74
860055,D. Valdez,away,Chaco For Ever,15,76
860055,D. Valdez,away,Chaco For Ever,44,7
860055,D. Valdez,away,Chaco For Ever,28,67
860055,D. Valdez,away,Chaco For Ever,42,11
860055,D. Valdez,away,Chaco For Ever,51,10
860055,D. Valdez,away,Chaco For Ever,51,32
860055,D. Valdez,away,Chaco For Ever,41,12
860055,D. Valdez,away,Chaco For Ever,51,7
860055,D. Valdez,away,Chaco For Ever,40,26
860055,D. Valdez,away,Chaco For Ever,20,13
860055,D. Valdez,away,Chaco For Ever,31,11
860055,D. Valdez,away,Chaco For Ever,39,10
860055,D. Valdez,away,Chaco For Ever,67,8
860055,D. Valdez,away,Chaco For Ever,25,14
860055,D. Valdez,away,Chaco For Ever,46,12
860055,D. Valdez,away,Chaco For Ever,54,4
860055,D. Valdez,away,Chaco For Ever,46,16
860055,D. Valdez,away,Chaco For Ever,88,51
860055,D. Valdez,away,Chaco For Ever,37,22
860055,D. Valdez,away,Chaco For Ever,46,10
860055,D. Valdez,away,Chaco For Ever,27,21
860055,D. Valdez,away,Chaco For Ever,42,10
860055,D. Valdez,away,Chaco For Ever,44,19
860055,D. Valdez,away,Chaco For Ever,56,8
860055,D. Valdez,away,Chaco For Ever,57,12
860055,D. Valdez,away,Chaco For Ever,58,14
860055,D. Valdez,away,Chaco For Ever,41,12
860055,D. Valdez,away,Chaco For Ever,45,43
860055,D. Valdez,away,Chaco For Ever,32,23
860055,D. Valdez,away,Chaco For Ever,37,35
860055,D. Valdez,away,Chaco For Ever,30,26
1020990,M. Silvera,away,Chaco For Ever,47,67
1020990,M. Silvera,away,Chaco For Ever,46,64
1020990,M. Silvera,away,Chaco For Ever,24,89
1020990,M. Silvera,away,Chaco For Ever,42,84
1020990,M. Silvera,away,Chaco For Ever,26,85
1020990,M. Silvera,away,Chaco For Ever,26,58
1020990,M. Silvera,away,Chaco For Ever,35,84
1020990,M. Silvera,away,Chaco For Ever,28,84
1020990,M. Silvera,away,Chaco For Ever,21,79
1020990,M. Silvera,away,Chaco For Ever,21,81
1020990,M. Silvera,away,Chaco For Ever,47,91
1020990,M. Silvera,away,Chaco For Ever,53,94
1020990,M. Silvera,away,Chaco For Ever,24,78
1020990,M. Silvera,away,Chaco For Ever,19,72
1020990,M. Silvera,away,Chaco For Ever,14,81
1020990,M. Silvera,away,Chaco For Ever,12,87
1020990,M. Silvera,away,Chaco For Ever,40,43
1020990,M. Silvera,away,Chaco For Ever,38,77
1020990,M. Silvera,away,Chaco For Ever,34,79
1020990,M. Silvera,away,Chaco For Ever,27,78
1020990,M. Silvera,away,Chaco For Ever,28,78
1020990,M. Silvera,away,Chaco For Ever,39,32
1020990,M. Silvera,away,Chaco For Ever,33,94
1020990,M. Silvera,away,Chaco For Ever,39,94
1020990,M. Silvera,away,Chaco For Ever,34,96
1020990,M. Silvera,away,Chaco For Ever,44,83
1020990,M. Silvera,away,Chaco For Ever,25,91
1020990,M. Silvera,away,Chaco For Ever,25,90
1020990,M. Silvera,away,Chaco For Ever,12,79
1020990,M. Silvera,away,Chaco For Ever,7,75
1020990,M. Silvera,away,Chaco For Ever,27,83
1020990,M. Silvera,away,Chaco For Ever,35,67
1020990,M. Silvera,away,Chaco For Ever,36,90
1020990,M. Silvera,away,Chaco For Ever,22,72
1020990,M. Silvera,away,Chaco For Ever,20,72
1020990,M. Silvera,away,Chaco For Ever,4,76
1020990,M. Silvera,away,Chaco For Ever,18,65
1020990,M. Silvera,away,Chaco For Ever,4,8
1020990,M. Silvera,away,Chaco For Ever,2,8
1020990,M. Silvera,away,Chaco For Ever,15,42
1020990,M. Silvera,away,Chaco For Ever,27,85
1020990,M. Silvera,away,Chaco For Ever,41,84
1020990,M. Silvera,away,Chaco For Ever,33,80
1020990,M. Silvera,away,Chaco For Ever,26,91
1020990,M. Silvera,away,Chaco For Ever,25,91
1020990,M. Silvera,away,Chaco For Ever,13,55
1020990,M. Silvera,away,Chaco For Ever,41,20
1020990,M. Silvera,away,Chaco For Ever,26,73
1020990,M. Silvera,away,Chaco For Ever,20,37
1020990,M. Silvera,away,Chaco For Ever,35,71
1020990,M. Silvera,away,Chaco For Ever,40,86
1020990,M. Silvera,away,Chaco For Ever,41,79
1020990,M. Silvera,away,Chaco For Ever,53,82
1020990,M. Silvera,away,Chaco For Ever,44,78
1020990,M. Silvera,away,Chaco For Ever,26,78
1020990,M. Silvera,away,Chaco For Ever,34,66
1020990,M. Silvera,away,Chaco For Ever,46,82
1020990,M. Silvera,away,Chaco For Ever,43,76
1020990,M. Silvera,away,Chaco For Ever,37,78
1020990,M. Silvera,away,Chaco For Ever,52,78
1020990,M. Silvera,away,Chaco For Ever,34,79
1020990,M. Silvera,away,Chaco For Ever,10,85
1020990,M. Silvera,away,Chaco For Ever,40,87
1020990,M. Silvera,away,Chaco For Ever,43,73
1020990,M. Silvera,away,Chaco For Ever,44,80
1020990,M. Silvera,away,Chaco For Ever,13,40
1020990,M. Silvera,away,Chaco For Ever,47,85
1020990,M. Silvera,away,Chaco For Ever,52,87
1020990,M. Silvera,away,Chaco For Ever,18,42
1020990,M. Silvera,away,Chaco For Ever,20,95
877903,L. Pruzzo,away,Chaco For Ever,45,100
877903,L. Pruzzo,away,Chaco For Ever,38,93
877903,L. Pruzzo,away,Chaco For Ever,36,93
877903,L. Pruzzo,away,Chaco For Ever,27,95
877903,L. Pruzzo,away,Chaco For Ever,25,89
877903,L. Pruzzo,away,Chaco For Ever,53,91
877903,L. Pruzzo,away,Chaco For Ever,31,100
877903,L. Pruzzo,away,Chaco For Ever,15,51
877903,L. Pruzzo,away,Chaco For Ever,43,91
877903,L. Pruzzo,away,Chaco For Ever,87,100
877903,L. Pruzzo,away,Chaco For Ever,52,100
877903,L. Pruzzo,away,Chaco For Ever,52,95
877903,L. Pruzzo,away,Chaco For Ever,20,93
877903,L. Pruzzo,away,Chaco For Ever,8,94
877903,L. Pruzzo,away,Chaco For Ever,9,79
877903,L. Pruzzo,away,Chaco For Ever,63,89
877903,L. Pruzzo,away,Chaco For Ever,58,85
877903,L. Pruzzo,away,Chaco For Ever,62,91
877903,L. Pruzzo,away,Chaco For Ever,44,100
877903,L. Pruzzo,away,Chaco For Ever,15,61
877903,L. Pruzzo,away,Chaco For Ever,40,100
877903,L. Pruzzo,away,Chaco For Ever,69,78
877903,L. Pruzzo,away,Chaco For Ever,40,100
877903,L. Pruzzo,away,Chaco For Ever,38,84
877903,L. Pruzzo,away,Chaco For Ever,45,100
877903,L. Pruzzo,away,Chaco For Ever,41,88
877903,L. Pruzzo,away,Chaco For Ever,48,100
877903,L. Pruzzo,away,Chaco For Ever,34,87
877903,L. Pruzzo,away,Chaco For Ever,33,88
877903,L. Pruzzo,away,Chaco For Ever,21,89
877903,L. Pruzzo,away,Chaco For Ever,39,93
877903,L. Pruzzo,away,Chaco For Ever,12,76
877903,L. Pruzzo,away,Chaco For Ever,47,90
877903,L. Pruzzo,away,Chaco For Ever,38,94
877903,L. Pruzzo,away,Chaco For Ever,49,100
877903,L. Pruzzo,away,Chaco For Ever,46,95
877903,L. Pruzzo,away,Chaco For Ever,45,100
877903,L. Pruzzo,away,Chaco For Ever,46,76
877903,L. Pruzzo,away,Chaco For Ever,53,93
877903,L. Pruzzo,away,Chaco For Ever,62,91
877903,L. Pruzzo,away,Chaco For Ever,62,92
877903,L. Pruzzo,away,Chaco For Ever,74,96
877903,L. Pruzzo,away,Chaco For Ever,23,34
877903,L. Pruzzo,away,Chaco For Ever,40,100
877903,L. Pruzzo,away,Chaco For Ever,16,93
877903,L. Pruzzo,away,Chaco For Ever,31,92
877903,L. Pruzzo,away,Chaco For Ever,12,47
877903,L. Pruzzo,away,Chaco For Ever,83,93
1192491,S. Valenzuela,away,Chaco For Ever,58,81
1192491,S. Valenzuela,away,Chaco For Ever,53,19
1192491,S. Valenzuela,away,Chaco For Ever,70,16
1192491,S. Valenzuela,away,Chaco For Ever,54,78
1192491,S. Valenzuela,away,Chaco For Ever,32,71
1192491,S. Valenzuela,away,Chaco For Ever,87,52
1192491,S. Valenzuela,away,Chaco For Ever,60,77
1192491,S. Valenzuela,away,Chaco For Ever,72,68
1192491,S. Valenzuela,away,Chaco For Ever,35,28
1192491,S. Valenzuela,away,Chaco For Ever,32,10
1192491,S. Valenzuela,away,Chaco For Ever,31,21
1192491,S. Valenzuela,away,Chaco For Ever,63,80
1192491,S. Valenzuela,away,Chaco For Ever,43,30
1192491,S. Valenzuela,away,Chaco For Ever,81,23
1192491,S. Valenzuela,away,Chaco For Ever,13,60
1192491,S. Valenzuela,away,Chaco For Ever,60,76
1192491,S. Valenzuela,away,Chaco For Ever,65,74
1192491,S. Valenzuela,away,Chaco For Ever,67,79
1192491,S. Valenzuela,away,Chaco For Ever,69,22
1192491,S. Valenzuela,away,Chaco For Ever,80,22
849139,G. Ramirez,away,Chaco For Ever,38,73
849139,G. Ramirez,away,Chaco For Ever,23,89
849139,G. Ramirez,away,Chaco For Ever,42,82
849139,G. Ramirez,away,Chaco For Ever,12,61
849139,G. Ramirez,away,Chaco For Ever,28,68
849139,G. Ramirez,away,Chaco For Ever,43,89
849139,G. Ramirez,away,Chaco For Ever,34,52
849139,G. Ramirez,away,Chaco For Ever,56,90
849139,G. Ramirez,away,Chaco For Ever,24,69
849139,G. Ramirez,away,Chaco For Ever,9,84
849139,G. Ramirez,away,Chaco For Ever,20,84
849139,G. Ramirez,away,Chaco For Ever,35,32
849139,G. Ramirez,away,Chaco For Ever,62,85
849139,G. Ramirez,away,Chaco For Ever,69,65
849139,G. Ramirez,away,Chaco For Ever,41,34
849139,G. Ramirez,away,Chaco For Ever,44,33
849139,G. Ramirez,away,Chaco For Ever,58,87
849139,G. Ramirez,away,Chaco For Ever,21,89
849139,G. Ramirez,away,Chaco For Ever,32,88
849139,G. Ramirez,away,Chaco For Ever,36,93
849139,G. Ramirez,away,Chaco For Ever,59,85
849139,G. Ramirez,away,Chaco For Ever,25,87
849139,G. Ramirez,away,Chaco For Ever,57,82
849139,G. Ramirez,away,Chaco For Ever,12,65
849139,G. Ramirez,away,Chaco For Ever,33,58
849139,G. Ramirez,away,Chaco For Ever,53,81
849139,G. Ramirez,away,Chaco For Ever,55,79
849139,G. Ramirez,away,Chaco For Ever,29,56
849139,G. Ramirez,away,Chaco For Ever,45,87
849139,G. Ramirez,away,Chaco For Ever,47,68
849139,G. Ramirez,away,Chaco For Ever,45,89
849139,G. Ramirez,away,Chaco For Ever,19,21
849139,G. Ramirez,away,Chaco For Ever,25,19
849139,G. Ramirez,away,Chaco For Ever,28,50
849139,G. Ramirez,away,Chaco For Ever,23,42
849139,G. Ramirez,away,Chaco For Ever,22,37
849139,G. Ramirez,away,Chaco For Ever,30,53
849139,G. Ramirez,away,Chaco For Ever,35,44
849139,G. Ramirez,away,Chaco For Ever,43,90
849139,G. Ramirez,away,Chaco For Ever,42,14
849139,G. Ramirez,away,Chaco For Ever,31,52
849139,G. Ramirez,away,Chaco For Ever,69,19
849139,G. Ramirez,away,Chaco For Ever,43,26
849139,G. Ramirez,away,Chaco For Ever,34,63
849139,G. Ramirez,away,Chaco For Ever,31,36
849139,G. Ramirez,away,Chaco For Ever,62,23
849139,G. Ramirez,away,Chaco For Ever,62,27
849139,G. Ramirez,away,Chaco For Ever,52,42
849139,G. Ramirez,away,Chaco For Ever,62,24
849139,G. Ramirez,away,Chaco For Ever,84,68
849139,G. Ramirez,away,Chaco For Ever,13,76
849139,G. Ramirez,away,Chaco For Ever,12,74
849139,G. Ramirez,away,Chaco For Ever,14,71
849139,G. Ramirez,away,Chaco For Ever,47,65
849139,G. Ramirez,away,Chaco For Ever,41,68
849139,G. Ramirez,away,Chaco For Ever,40,65
849139,G. Ramirez,away,Chaco For Ever,36,52
849139,G. Ramirez,away,Chaco For Ever,42,86
849139,G. Ramirez,away,Chaco For Ever,31,22
849139,G. Ramirez,away,Chaco For Ever,31,39
849139,G. Ramirez,away,Chaco For Ever,27,53
849139,G. Ramirez,away,Chaco For Ever,47,12
849139,G. Ramirez,away,Chaco For Ever,39,34
849139,G. Ramirez,away,Chaco For Ever,56,70
849139,G. Ramirez,away,Chaco For Ever,23,17
849139,G. Ramirez,away,Chaco For Ever,22,19
849139,G. Ramirez,away,Chaco For Ever,28,65
849139,G. Ramirez,away,Chaco For Ever,32,50
849139,G. Ramirez,away,Chaco For Ever,54,10
849139,G. Ramirez,away,Chaco For Ever,6,50
849139,G. Ramirez,away,Chaco For Ever,59,40
922452,A. Lioi,away,Chaco For Ever,57,9
922452,A. Lioi,away,Chaco For Ever,80,61
922452,A. Lioi,away,Chaco For Ever,80,71
922452,A. Lioi,away,Chaco For Ever,78,11
922452,A. Lioi,away,Chaco For Ever,55,65
922452,A. Lioi,away,Chaco For Ever,61,63
922452,A. Lioi,away,Chaco For Ever,56,47
922452,A. Lioi,away,Chaco For Ever,60,24
922452,A. Lioi,away,Chaco For Ever,68,70
922452,A. Lioi,away,Chaco For Ever,76,23
922452,A. Lioi,away,Chaco For Ever,47,72
922452,A. Lioi,away,Chaco For Ever,53,86
922452,A. Lioi,away,Chaco For Ever,63,94
922452,A. Lioi,away,Chaco For Ever,72,13
922452,A. Lioi,away,Chaco For Ever,70,18
922452,A. Lioi,away,Chaco For Ever,88,16
922452,A. Lioi,away,Chaco For Ever,87,6
922452,A. Lioi,away,Chaco For Ever,85,27
922452,A. Lioi,away,Chaco For Ever,32,10
922452,A. Lioi,away,Chaco For Ever,21,9
922452,A. Lioi,away,Chaco For Ever,62,6
922452,A. Lioi,away,Chaco For Ever,70,35
922452,A. Lioi,away,Chaco For Ever,79,86
922452,A. Lioi,away,Chaco For Ever,64,63
922452,A. Lioi,away,Chaco For Ever,73,14
922452,A. Lioi,away,Chaco For Ever,57,12
843404,L. Marinucci,away,Chaco For Ever,96,26
843404,L. Marinucci,away,Chaco For Ever,49,77
843404,L. Marinucci,away,Chaco For Ever,48,77
843404,L. Marinucci,away,Chaco For Ever,67,50
843404,L. Marinucci,away,Chaco For Ever,70,69
843404,L. Marinucci,away,Chaco For Ever,87,23
843404,L. Marinucci,away,Chaco For Ever,94,16
843404,L. Marinucci,away,Chaco For Ever,73,80
843404,L. Marinucci,away,Chaco For Ever,74,67
843404,L. Marinucci,away,Chaco For Ever,72,55
843404,L. Marinucci,away,Chaco For Ever,63,80
843404,L. Marinucci,away,Chaco For Ever,62,87
843404,L. Marinucci,away,Chaco For Ever,76,68
843404,L. Marinucci,away,Chaco For Ever,41,93
843404,L. Marinucci,away,Chaco For Ever,56,46
843404,L. Marinucci,away,Chaco For Ever,90,92
843404,L. Marinucci,away,Chaco For Ever,79,66
843404,L. Marinucci,away,Chaco For Ever,64,88
843404,L. Marinucci,away,Chaco For Ever,57,89
843404,L. Marinucci,away,Chaco For Ever,61,82
843404,L. Marinucci,away,Chaco For Ever,60,86
843404,L. Marinucci,away,Chaco For Ever,61,83
843404,L. Marinucci,away,Chaco For Ever,61,72
843404,L. Marinucci,away,Chaco For Ever,63,68
843404,L. Marinucci,away,Chaco For Ever,63,65
843404,L. Marinucci,away,Chaco For Ever,93,84
843404,L. Marinucci,away,Chaco For Ever,52,90
843404,L. Marinucci,away,Chaco For Ever,73,40
843404,L. Marinucci,away,Chaco For Ever,66,80
843404,L. Marinucci,away,Chaco For Ever,49,50
843404,L. Marinucci,away,Chaco For Ever,95,31
843404,L. Marinucci,away,Chaco For Ever,75,16
843404,L. Marinucci,away,Chaco For Ever,28,52
843404,L. Marinucci,away,Chaco For Ever,77,17
843404,L. Marinucci,away,Chaco For Ever,82,7
843404,L. Marinucci,away,Chaco For Ever,81,8
843404,L. Marinucci,away,Chaco For Ever,78,11
843404,L. Marinucci,away,Chaco For Ever,81,13
843404,L. Marinucci,away,Chaco For Ever,93,18
843404,L. Marinucci,away,Chaco For Ever,95,29
843404,L. Marinucci,away,Chaco For Ever,96,30
843404,L. Marinucci,away,Chaco For Ever,42,95
843404,L. Marinucci,away,Chaco For Ever,10,43
843404,L. Marinucci,away,Chaco For Ever,60,20
843404,L. Marinucci,away,Chaco For Ever,57,8
843404,L. Marinucci,away,Chaco For Ever,66,21
2045245,A. Ojeda,away,Chaco For Ever,58,93
2045245,A. Ojeda,away,Chaco For Ever,54,95
2045245,A. Ojeda,away,Chaco For Ever,54,96
2045245,A. Ojeda,away,Chaco For Ever,48,84
2045245,A. Ojeda,away,Chaco For Ever,83,87
2045245,A. Ojeda,away,Chaco For Ever,81,94
2045245,A. Ojeda,away,Chaco For Ever,24,84
2045245,A. Ojeda,away,Chaco For Ever,48,95
2045245,A. Ojeda,away,Chaco For Ever,91,93
2045245,A. Ojeda,away,Chaco For Ever,62,89
2045245,A. Ojeda,away,Chaco For Ever,55,82
2045245,A. Ojeda,away,Chaco For Ever,54,82
2045245,A. Ojeda,away,Chaco For Ever,57,81
2045245,A. Ojeda,away,Chaco For Ever,76,83
2045245,A. Ojeda,away,Chaco For Ever,75,81
2045245,A. Ojeda,away,Chaco For Ever,16,96
2045245,A. Ojeda,away,Chaco For Ever,55,63
2045245,A. Ojeda,away,Chaco For Ever,65,72
2045245,A. Ojeda,away,Chaco For Ever,64,80
2045245,A. Ojeda,away,Chaco For Ever,86,84
2045245,A. Ojeda,away,Chaco For Ever,64,94
2045245,A. Ojeda,away,Chaco For Ever,49,94
2045245,A. Ojeda,away,Chaco For Ever,69,90
2045245,A. Ojeda,away,Chaco For Ever,23,96
2045245,A. Ojeda,away,Chaco For Ever,57,100
2045245,A. Ojeda,away,Chaco For Ever,72,92
2045245,A. Ojeda,away,Chaco For Ever,45,92
2045245,A. Ojeda,away,Chaco For Ever,23,95
2045245,A. Ojeda,away,Chaco For Ever,27,100
2045245,A. Ojeda,away,Chaco For Ever,64,100
2045245,A. Ojeda,away,Chaco For Ever,66,89
2045245,A. Ojeda,away,Chaco For Ever,71,77
2045245,A. Ojeda,away,Chaco For Ever,65,93
2045245,A. Ojeda,away,Chaco For Ever,63,93
2045245,A. Ojeda,away,Chaco For Ever,58,83
2045245,A. Ojeda,away,Chaco For Ever,72,94
2045245,A. Ojeda,away,Chaco For Ever,48,72
2045245,A. Ojeda,away,Chaco For Ever,52,69
2045245,A. Ojeda,away,Chaco For Ever,53,66
2045245,A. Ojeda,away,Chaco For Ever,64,79
2045245,A. Ojeda,away,Chaco For Ever,65,85
2045245,A. Ojeda,away,Chaco For Ever,73,92
2045245,A. Ojeda,away,Chaco For Ever,23,39
2045245,A. Ojeda,away,Chaco For Ever,36,38
2045245,A. Ojeda,away,Chaco For Ever,36,92
2045245,A. Ojeda,away,Chaco For Ever,40,91
2045245,A. Ojeda,away,Chaco For Ever,91,42
2045245,A. Ojeda,away,Chaco For Ever,45,57
2045245,A. Ojeda,away,Chaco For Ever,47,59
2045245,A. Ojeda,away,Chaco For Ever,38,92
2045245,A. Ojeda,away,Chaco For Ever,77,81
2045245,A. Ojeda,away,Chaco For Ever,75,94
2045245,A. Ojeda,away,Chaco For Ever,76,94
2045245,A. Ojeda,away,Chaco For Ever,41,92
2045245,A. Ojeda,away,Chaco For Ever,72,83
2045245,A. Ojeda,away,Chaco For Ever,19,93
2045245,A. Ojeda,away,Chaco For Ever,39,73
2045245,A. Ojeda,away,Chaco For Ever,57,71
2045245,A. Ojeda,away,Chaco For Ever,56,95
2045245,A. Ojeda,away,Chaco For Ever,41,94
2045245,A. Ojeda,away,Chaco For Ever,77,91
2045245,A. Ojeda,away,Chaco For Ever,64,74
2045245,A. Ojeda,away,Chaco For Ever,70,70
2045245,A. Ojeda,away,Chaco For Ever,52,100
2045245,A. Ojeda,away,Chaco For Ever,58,100
2045245,A. Ojeda,away,Chaco For Ever,64,95
2045245,A. Ojeda,away,Chaco For Ever,39,70
2045245,A. Ojeda,away,Chaco For Ever,57,70
2045245,A. Ojeda,away,Chaco For Ever,88,95
2045245,A. Ojeda,away,Chaco For Ever,88,94
2045245,A. Ojeda,away,Chaco For Ever,88,92
2045245,A. Ojeda,away,Chaco For Ever,91,94
2045245,A. Ojeda,away,Chaco For Ever,1,90
2045245,A. Ojeda,away,Chaco For Ever,54,58
2045245,A. Ojeda,away,Chaco For Ever,62,57
789424,T. Bolzicco,away,Chaco For Ever,69,11
789424,T. Bolzicco,away,Chaco For Ever,74,90
789424,T. Bolzicco,away,Chaco For Ever,44,84
789424,T. Bolzicco,away,Chaco For Ever,63,14
789424,T. Bolzicco,away,Chaco For Ever,72,88
789424,T. Bolzicco,away,Chaco For Ever,71,87
789424,T. Bolzicco,away,Chaco For Ever,95,69
789424,T. Bolzicco,away,Chaco For Ever,46,20
789424,T. Bolzicco,away,Chaco For Ever,41,82
789424,T. Bolzicco,away,Chaco For Ever,66,91
789424,T. Bolzicco,away,Chaco For Ever,67,89
789424,T. Bolzicco,away,Chaco For Ever,61,88
789424,T. Bolzicco,away,Chaco For Ever,79,41
789424,T. Bolzicco,away,Chaco For Ever,85,39
1185165,N. Caprio,away,Chaco For Ever,13,51
1185165,N. Caprio,away,Chaco For Ever,3,47
1185165,N. Caprio,away,Chaco For Ever,14,36
1185165,N. Caprio,away,Chaco For Ever,14,44
1185165,N. Caprio,away,Chaco For Ever,13,42
1185165,N. Caprio,away,Chaco For Ever,13,40
1185165,N. Caprio,away,Chaco For Ever,19,44
1185165,N. Caprio,away,Chaco For Ever,13,43
1185165,N. Caprio,away,Chaco For Ever,21,37
1185165,N. Caprio,away,Chaco For Ever,12,17
1185165,N. Caprio,away,Chaco For Ever,22,57
1185165,N. Caprio,away,Chaco For Ever,0,42
1185165,N. Caprio,away,Chaco For Ever,3,30
1185165,N. Caprio,away,Chaco For Ever,0,42
1018417,I. Enriquez,away,Chaco For Ever,60,89
1018417,I. Enriquez,away,Chaco For Ever,55,73
1018417,I. Enriquez,away,Chaco For Ever,70,79
1018417,I. Enriquez,away,Chaco For Ever,44,23
1018417,I. Enriquez,away,Chaco For Ever,56,95
1018417,I. Enriquez,away,Chaco For Ever,44,75
1018417,I. Enriquez,away,Chaco For Ever,72,38
1018417,I. Enriquez,away,Chaco For Ever,25,13
1018417,I. Enriquez,away,Chaco For Ever,71,17
1018417,I. Enriquez,away,Chaco For Ever,66,8
1018417,I. Enriquez,away,Chaco For Ever,58,20
1018417,I. Enriquez,away,Chaco For Ever,66,19
1018417,I. Enriquez,away,Chaco For Ever,52,65
1018417,I. Enriquez,away,Chaco For Ever,69,40
1018417,I. Enriquez,away,Chaco For Ever,61,67
1018417,I. Enriquez,away,Chaco For Ever,61,66
1018417,I. Enriquez,away,Chaco For Ever,78,23
1018417,I. Enriquez,away,Chaco For Ever,91,37
1018417,I. Enriquez,away,Chaco For Ever,65,77
1018417,I. Enriquez,away,Chaco For Ever,45,45
1018417,I. Enriquez,away,Chaco For Ever,43,88
1018417,I. Enriquez,away,Chaco For Ever,81,66
1018417,I. Enriquez,away,Chaco For Ever,96,84
1018417,I. Enriquez,away,Chaco For Ever,96,51
1182395,A. Alonso,away,Chaco For Ever,26,22
1182395,A. Alonso,away,Chaco For Ever,58,16
1182395,A. Alonso,away,Chaco For Ever,69,9
1182395,A. Alonso,away,Chaco For Ever,73,13
1182395,A. Alonso,away,Chaco For Ever,69,10
1182395,A. Alonso,away,Chaco For Ever,74,29
1182395,A. Alonso,away,Chaco For Ever,24,27
1182395,A. Alonso,away,Chaco For Ever,73,36
1182395,A. Alonso,away,Chaco For Ever,60,34
1182395,A. Alonso,away,Chaco For Ever,45,25
1182395,A. Alonso,away,Chaco For Ever,60,20
1182395,A. Alonso,away,Chaco For Ever,46,20
1182395,A. Alonso,away,Chaco For Ever,41,5
1182395,A. Alonso,away,Chaco For Ever,51,6
1182395,A. Alonso,away,Chaco For Ever,17,9
1182395,A. Alonso,away,Chaco For Ever,26,13
83700,G. Pacheco,away,Chaco For Ever,87,14
83700,G. Pacheco,away,Chaco For Ever,78,18
83700,G. Pacheco,away,Chaco For Ever,86,41
83700,G. Pacheco,away,Chaco For Ever,87,32
83700,G. Pacheco,away,Chaco For Ever,89,27
83700,G. Pacheco,away,Chaco For Ever,68,38
83700,G. Pacheco,away,Chaco For Ever,78,30
83700,G. Pacheco,away,Chaco For Ever,75,35
83700,G. Pacheco,away,Chaco For Ever,74,38
83700,G. Pacheco,away,Chaco For Ever,68,82
83700,G. Pacheco,away,Chaco For Ever,79,32
83700,G. Pacheco,away,Chaco For Ever,64,20
815133,M. Noble,away,Chaco For Ever,24,85
815133,M. Noble,away,Chaco For Ever,39,76
815133,M. Noble,away,Chaco For Ever,51,42
815133,M. Noble,away,Chaco For Ever,50,100
815133,M. Noble,away,Chaco For Ever,45,95
815133,M. Noble,away,Chaco For Ever,56,74
815133,M. Noble,away,Chaco For Ever,93,87
815133,M. Noble,away,Chaco For Ever,76,92
815133,M. Noble,away,Chaco For Ever,46,67
815133,M. Noble,away,Chaco For Ever,46,85
815133,M. Noble,away,Chaco For Ever,79,91
815133,M. Noble,away,Chaco For Ever,81,85
815133,M. Noble,away,Chaco For Ever,41,40
815133,M. Noble,away,Chaco For Ever,43,37
815133,M. Noble,away,Chaco For Ever,51,41
815133,M. Noble,away,Chaco For Ever,80,21
815133,M. Noble,away,Chaco For Ever,87,25
815133,M. Noble,away,Chaco For Ever,93,30
815133,M. Noble,away,Chaco For Ever,65,63
815133,M. Noble,away,Chaco For Ever,67,93
815133,M. Noble,away,Chaco For Ever,91,86
815133,M. Noble,away,Chaco For Ever,20,43
815133,M. Noble,away,Chaco For Ever,42,80
815133,M. Noble,away,Chaco For Ever,64,79
